Year,Continent,Location,AverageMonthlyPrecipitation,TotalGHGEmissionsExcludingLUCF(CAIT),temperature_anomaly,AnnualCO2Emissions(percapita),TotalPopulationEstimates
1970.0,Africa,Central,13.038033187666665,0.0,0.004444444666666668,0.585488888888889,4527550.0
1970.0,Africa,Eastern,8.4218205836875,0.0,0.041875000125,0.35534,6692122.5
1970.0,Africa,Northern,1.068248779,0.0,-0.038333333,3.07265,14477561.666666666
1970.0,Africa,Southern,3.3594884982,0.0,0.09,3.81445,5090706.0
1970.0,Africa,Western,9.2823990928125,0.0,-0.038333333,0.25093125,6710228.125
1970.0,America,Central,16.783206351133334,0.0,-0.038333333,2.5448333333333335,6432598.666666667
1970.0,America,Northern,4.777907615,0.0,-0.038333333,18.30375,115590415.0
1970.0,America,Southern,13.882432148249999,0.0,0.036527777916666664,2.1642500000000005,15460290.0
1970.0,Asia,Central,2.2157011348,0.0,-0.038333333,7.3375,6635320.0
1970.0,Asia,Eastern,7.807805409166666,0.0,-0.038333333,13.701149999999998,160922398.33333334
1970.0,Asia,Southeast,19.668516827777776,0.0,-0.024074073777777774,7.477999999999999,31387022.222222224
1970.0,Asia,Southern,11.0918803625,0.0,-0.038333333,0.553375,93192238.75
1970.0,Asia,Western,2.0555685545,0.0,-0.038333333,10.590816666666667,6079685.0
1970.0,Europa,Central,8.3043232065,0.0,-0.038333333,9.896799999999999,42817945.0
1970.0,Europa,Eastern,6.180388654272727,0.0,-0.038333333,8.470863636363637,25539433.636363637
1970.0,Europa,Northern,5.9403679617,0.0,-0.038333333,9.20274,8713399.0
1970.0,Europa,Southern,8.663446891636363,0.0,-0.038333333,3.302454545454545,11489938.181818182
1970.0,Europa,Western,7.0186135290000005,0.0,-0.038333333000000004,12.978214285714285,12506142.857142856
1970.0,Oceania,All,21.006664073714287,0.0,0.09,2.6765000000000003,2698415.714285714
1971.0,Africa,Central,11.981106588333333,0.0,-0.10833333299999999,0.7298555555555555,
1971.0,Africa,Eastern,8.1759064305,0.0,-0.068958333,0.36392,
1971.0,Africa,Northern,1.2629895321666667,0.0,-0.153333333,2.2260166666666663,
1971.0,Africa,Southern,4.4855109654000005,0.0,-0.018333333,4.1648000000000005,
1971.0,Africa,Western,9.351367845124999,0.0,-0.153333333,0.26080625,
1971.0,America,Central,14.945601300666668,0.0,-0.153333333,4.118666666666667,
1971.0,America,Northern,4.848522319,0.0,-0.153333333,18.4008,
1971.0,America,Southern,13.869225540416666,0.0,-0.07458333299999999,2.1261916666666667,
1971.0,Asia,Central,1.7448321472,0.0,-0.153333333,7.5976799999999995,
1971.0,Asia,Eastern,7.2205356445,0.0,-0.153333333,16.023683333333334,
1971.0,Asia,Southeast,19.392106915555555,0.0,-0.13833333299999998,6.597177777777778,
1971.0,Asia,Southern,10.864504404125,0.0,-0.153333333,0.57915,
1971.0,Asia,Western,2.6166536033333334,0.0,-0.153333333,11.726783333333332,
1971.0,Europa,Central,5.4776895725,0.0,-0.153333333,10.03045,
1971.0,Europa,Eastern,5.077335837727272,0.0,-0.153333333,8.813009090909091,
1971.0,Europa,Northern,5.5244936753000005,0.0,-0.153333333,9.24268,
1971.0,Europa,Southern,7.666042186090909,0.0,-0.153333333,3.5513727272727276,
1971.0,Europa,Western,5.646402592142857,0.0,-0.153333333,12.760685714285716,
1971.0,Oceania,All,20.333197063142855,0.0,-0.018333333,2.7829,
1972.0,Africa,Central,11.270996243222221,0.0,-0.05027777766666667,0.7223222222222223,
1972.0,Africa,Eastern,8.8767750816875,0.0,0.05739583325,0.38354666666666665,
1972.0,Africa,Northern,1.3728392323333332,0.0,-0.173333333,1.8203333333333334,
1972.0,Africa,Southern,4.81613363,0.0,0.195833333,2.7451666666666665,
1972.0,Africa,Western,8.8550459199375,0.0,-0.173333333,0.277225,
1972.0,America,Central,15.317668409666668,0.0,-0.173333333,4.041613333333333,
1972.0,America,Northern,4.7947924964999995,0.0,-0.173333333,19.313,
1972.0,America,Southern,13.959357824500001,0.0,0.042013888833333325,2.1587833333333335,
1972.0,Asia,Central,2.490865471,0.0,-0.173333333,7.80654,
1972.0,Asia,Eastern,7.327121680833334,0.0,-0.173333333,14.977833333333331,
1972.0,Asia,Southeast,17.03338491222222,0.0,-0.13231481455555558,7.846900000000001,
1972.0,Asia,Southern,9.87826008025,0.0,-0.173333333,0.583775,
1972.0,Asia,Western,2.238062080166667,0.0,-0.173333333,12.259316666666665,
1972.0,Europa,Central,6.721552365,0.0,-0.173333333,10.29795,
1972.0,Europa,Eastern,5.300631654090909,0.0,-0.173333333,9.055063636363636,
1972.0,Europa,Northern,6.1372580381,0.0,-0.173333333,9.47543,
1972.0,Europa,Southern,8.876387078818182,0.0,-0.173333333,3.5722909090909094,
1972.0,Europa,Western,6.492750148142858,0.0,-0.173333333,13.242342857142857,
1972.0,Oceania,All,20.955863133428572,0.0,0.195833333,2.879885714285714,
1973.0,Africa,Central,11.753708765333334,0.0,0.14027777800000002,1.200677777777778,
1973.0,Africa,Eastern,8.8416957405625,0.0,0.178437500125,0.3903133333333333,
1973.0,Africa,Northern,1.2080345098333334,0.0,0.096666667,1.828516666666667,
1973.0,Africa,Southern,4.6496241256,0.0,0.22749999999999998,2.7034333333333334,
1973.0,Africa,Western,8.93821670475,0.0,0.096666667,0.285525,
1973.0,America,Central,15.785512865333335,0.0,0.096666667,4.69888,
1973.0,America,Northern,5.1813320505,0.0,0.096666667,19.5708,
1973.0,America,Southern,13.339568475083333,0.0,0.17298611125,2.3032749999999997,
1973.0,Asia,Central,2.2184285004,0.0,0.096666667,7.95162,
1973.0,Asia,Eastern,5.244724901666667,0.0,0.096666667,16.30885,
1973.0,Asia,Southeast,19.40323138,0.0,0.11120370399999999,7.927466666666667,
1973.0,Asia,Southern,11.194859793125,0.0,0.096666667,0.6728625,
1973.0,Asia,Western,1.7468924863333333,0.0,0.096666667,12.599241666666666,
1973.0,Europa,Central,6.5486384005,0.0,0.096666667,10.8224,
1973.0,Europa,Eastern,4.751282790818181,0.0,0.096666667,9.287454545454546,
1973.0,Europa,Northern,5.7736653147,0.0,0.096666667,9.86608,
1973.0,Europa,Southern,7.656905957363636,0.0,0.096666667,4.032781818181818,
1973.0,Europa,Western,6.233106199142857,0.0,0.096666667,13.84437142857143,
1973.0,Oceania,All,20.48988703157143,0.0,0.2275,3.0847,
1974.0,Africa,Central,12.031577581333332,0.0,-0.10666666699999999,1.2435555555555555,
1974.0,Africa,Eastern,8.2013766106875,0.0,-0.045416667,0.3753533333333333,
1974.0,Africa,Northern,1.1726380891666668,0.0,-0.176666667,1.4005833333333333,
1974.0,Africa,Southern,5.823097133199999,0.0,0.033333333,2.6521000000000003,
1974.0,Africa,Western,9.5841393968125,0.0,-0.176666667,0.31256875,
1974.0,America,Central,14.963299004933333,0.0,-0.176666667,4.481113333333334,
1974.0,America,Northern,4.838718402,0.0,-0.176666667,19.14155,
1974.0,America,Southern,13.692550294999998,0.0,-0.054166667,2.1981,
1974.0,Asia,Central,2.1027893716,0.0,-0.176666667,8.07248,
1974.0,Asia,Eastern,5.483495279833334,0.0,-0.176666667,14.571,
1974.0,Asia,Southeast,18.78407516,0.0,-0.15333333366666665,6.3060777777777774,
1974.0,Asia,Southern,11.044323849875,0.0,-0.176666667,0.711225,
1974.0,Asia,Western,2.5996101440833335,0.0,-0.176666667,10.3328,
1974.0,Europa,Central,7.6741800604999995,0.0,-0.176666667,10.4902,
1974.0,Europa,Eastern,5.490470016090909,0.0,-0.176666667,9.485109090909091,
1974.0,Europa,Northern,6.5110608051,0.0,-0.176666667,9.5436,
1974.0,Europa,Southern,8.58622320290909,0.0,-0.176666667,4.0147545454545455,
1974.0,Europa,Western,7.250310396428572,0.0,-0.17666666699999997,13.6253,
1974.0,Oceania,All,18.500938217142856,0.0,0.033333333,3.106142857142857,
1975.0,Africa,Central,11.997397921666668,0.0,-0.028611110999999998,1.1649777777777777,5154821.111111111
1975.0,Africa,Eastern,8.14458639825,0.0,-0.00697916675,0.35162666666666664,7718742.5
1975.0,Africa,Northern,1.2259100889999999,0.0,-0.053333333000000004,1.5047833333333331,16453283.333333334
1975.0,Africa,Southern,5.2685662366,0.0,0.020833333,2.7565666666666666,5818458.0
1975.0,Africa,Western,9.7306178395625,0.0,-0.053333333,0.30436875,7620721.875
1975.0,America,Central,14.787603352866666,0.0,-0.053333333,4.789879999999999,7354164.666666667
1975.0,America,Northern,4.971200381,0.0,-0.053333333,18.647100000000002,121125250.0
1975.0,America,Southern,14.309588227250002,0.0,-0.010069444499999998,2.2173666666666665,17342278.333333332
1975.0,Asia,Central,1.8587937797999998,0.0,-0.053333333,8.30326,7475498.0
1975.0,Asia,Eastern,5.805694708833333,0.0,-0.053333333000000004,12.874183333333335,179776185.0
1975.0,Asia,Southeast,19.782500326666664,0.0,-0.04509259233333333,5.315111111111111,35492942.222222224
1975.0,Asia,Southern,11.102579196,0.0,-0.053333333,0.6825375,104375751.25
1975.0,Asia,Western,2.5166580305,0.0,-0.053333333000000004,10.121066666666666,6984680.0
1975.0,Europa,Central,6.6495012755,0.0,-0.053333333,9.90525,43126000.0
1975.0,Europa,Eastern,4.907367404727273,0.0,-0.05333333299999999,9.890918181818183,26411996.363636363
1975.0,Europa,Northern,5.454890918,0.0,-0.053333333,9.60419,8879465.0
1975.0,Europa,Southern,7.372913005999999,0.0,-0.05333333299999999,4.105072727272727,11999486.363636363
1975.0,Europa,Western,6.212929971857143,0.0,-0.053333333,12.107771428571429,13044067.142857144
1975.0,Oceania,All,21.413491483999998,0.0,0.020833333,3.0704,2971314.285714286
1976.0,Africa,Central,12.468795889777779,0.0,-0.13305555566666666,1.2048333333333332,
1976.0,Africa,Eastern,8.405361082625,0.0,-0.070104166875,0.35857333333333336,
1976.0,Africa,Northern,1.5538924276666666,0.0,-0.205,1.9290166666666666,
1976.0,Africa,Southern,6.0124042816,0.0,0.010833333,2.9614333333333334,
1976.0,Africa,Western,9.753667145625,0.0,-0.205,0.28526875,
1976.0,America,Central,14.4436295882,0.0,-0.205,4.4969399999999995,
1976.0,America,Northern,4.5078825115,0.0,-0.205,18.96045,
1976.0,America,Southern,13.896977845999999,0.0,-0.07909722241666665,2.181808333333333,
1976.0,Asia,Central,2.3952788434,0.0,-0.205,8.44128,
1976.0,Asia,Eastern,5.284842413333333,0.0,-0.205,13.912349999999998,
1976.0,Asia,Southeast,17.175363304444446,0.0,-0.18101851855555554,4.464388888888888,
1976.0,Asia,Southern,10.720290981875,0.0,-0.205,0.7268,
1976.0,Asia,Western,2.6512594476666664,0.0,-0.205,9.991358333333332,
1976.0,Europa,Central,6.138585326,0.0,-0.205,10.73195,
1976.0,Europa,Eastern,5.017631354363636,0.0,-0.205,10.235954545454545,
1976.0,Europa,Northern,5.3765986481,0.0,-0.205,10.06573,
1976.0,Europa,Southern,8.922623782545456,0.0,-0.205,4.281681818181818,
1976.0,Europa,Western,5.703187996285714,0.0,-0.205,12.563042857142857,
1976.0,Oceania,All,19.226971213000002,0.0,0.010833333,3.0062285714285717,
1977.0,Africa,Central,11.988724052,0.0,0.15777777766666667,1.236522222222222,
1977.0,Africa,Eastern,8.9551744911875,0.0,0.19229166675,0.3284533333333333,
1977.0,Africa,Northern,1.0467497068333333,0.0,0.118333333,2.0672,
1977.0,Africa,Southern,5.0491471484,0.0,0.236666667,3.0527333333333337,
1977.0,Africa,Western,8.290997301375,0.0,0.118333333,0.295625,
1977.0,America,Central,14.487651270333334,0.0,0.118333333,5.587093333333333,
1977.0,America,Northern,4.913316303,0.0,0.118333333,19.2376,
1977.0,America,Southern,13.945600860166666,0.0,0.18736111116666665,2.185966666666667,
1977.0,Asia,Central,2.2582151072000003,0.0,0.118333333,8.549,
1977.0,Asia,Eastern,4.904563474166667,0.0,0.118333333,12.504533333333333,
1977.0,Asia,Southeast,17.693299582222224,0.0,0.13148148122222222,4.561122222222222,
1977.0,Asia,Southern,11.324089734,0.0,0.118333333,0.7439875,
1977.0,Asia,Western,2.5226703975,0.0,0.118333333,9.445675,
1977.0,Europa,Central,6.9080835465,0.0,0.118333333,10.354700000000001,
1977.0,Europa,Eastern,5.2444373016363635,0.0,0.118333333,10.513518181818183,
1977.0,Europa,Northern,6.1119265913,0.0,0.118333333,10.2459,
1977.0,Europa,Southern,8.039939035909091,0.0,0.118333333,4.216690909090909,
1977.0,Europa,Western,7.332104071571428,0.0,0.118333333,12.0201,
1977.0,Oceania,All,17.63713563957143,0.0,0.236666667,3.2815857142857143,
1978.0,Africa,Central,11.61816499888889,0.0,0.051666666666666666,1.4396333333333333,
1978.0,Africa,Eastern,9.87844443725,0.0,0.079375,0.31084,
1978.0,Africa,Northern,1.1494742843333334,0.0,0.02,2.2757333333333336,
1978.0,Africa,Southern,5.2354459684,0.0,0.11500000000000002,3.0793,
1978.0,Africa,Western,10.045697806875,0.0,0.02,0.33415,
1978.0,America,Central,15.8474110208,0.0,0.02,4.50734,
1978.0,America,Northern,4.767895411,0.0,0.02,19.5322,
1978.0,America,Southern,13.80770675775,0.0,0.07541666666666667,2.3536333333333332,
1978.0,Asia,Central,2.4163071584,0.0,0.02,8.664480000000001,
1978.0,Asia,Eastern,5.108749129833334,0.0,0.02,12.643533333333332,
1978.0,Asia,Southeast,17.78369310888889,0.0,0.030555555555555558,6.354588888888888,
1978.0,Asia,Southern,11.053902444375,0.0,0.02,0.7233874999999999,
1978.0,Asia,Western,2.2664770344166665,0.0,0.02,9.500566666666666,
1978.0,Europa,Central,6.706671578,0.0,0.02,10.61825,
1978.0,Europa,Eastern,5.361296444363637,0.0,0.02,10.812472727272727,
1978.0,Europa,Northern,6.1921323869,0.0,0.02,10.24855,
1978.0,Europa,Southern,8.717597752363638,0.0,0.02,4.513890909090909,
1978.0,Europa,Western,6.313848046714286,0.0,0.02,12.667242857142856,
1978.0,Oceania,All,17.898417326285713,0.0,0.115,3.299528571428571,
1979.0,Africa,Central,11.999975666777779,0.0,0.139166667,1.2742111111111112,
1979.0,Africa,Eastern,8.4685611223125,0.0,0.187291667,0.3319733333333333,
1979.0,Africa,Northern,1.30286601,0.0,0.08416666700000001,2.3813,
1979.0,Africa,Southern,3.9936125752000002,0.0,0.24916666699999998,3.244533333333333,
1979.0,Africa,Western,9.838818949937501,0.0,0.084166667,0.40328125000000004,
1979.0,America,Central,18.258231154333334,0.0,0.084166667,4.6365066666666666,
1979.0,America,Northern,5.011869795,0.0,0.084166667,19.90335,
1979.0,America,Southern,13.876576947833334,0.0,0.180416667,2.338875,
1979.0,Asia,Central,2.3792362392,0.0,0.084166667,8.56222,
1979.0,Asia,Eastern,6.541721354666667,0.0,0.08416666700000001,10.4414,
1979.0,Asia,Southeast,17.777218853333334,0.0,0.10250000033333334,4.940455555555555,
1979.0,Asia,Southern,10.3022408045,0.0,0.084166667,0.721575,
1979.0,Asia,Western,2.245202925583333,0.0,0.08416666700000001,10.710933333333335,
1979.0,Europa,Central,7.7908604685,0.0,0.084166667,11.1508,
1979.0,Europa,Eastern,5.381118130272728,0.0,0.084166667,10.704018181818181,
1979.0,Europa,Northern,6.1039395635,0.0,0.084166667,10.64268,
1979.0,Europa,Southern,9.617242472454546,0.0,0.084166667,4.807227272727273,
1979.0,Europa,Western,7.1243427281428575,0.0,0.084166667,12.971342857142856,
1979.0,Oceania,All,15.836984141142858,0.0,0.24916666700000004,3.2856285714285716,
1980.0,Africa,Central,11.496543669888888,0.0,0.22805555566666666,1.257911111111111,5932060.0
1980.0,Africa,Eastern,9.05763180775,0.0,0.281041666875,0.33646,8933854.375
1980.0,Africa,Northern,1.1152679495,0.0,0.1675,2.5556833333333335,18820326.666666668
1980.0,Africa,Southern,4.0427204537999994,0.0,0.349166667,3.2936666666666667,6599656.0
1980.0,Africa,Western,9.052506541875001,0.0,0.1675,0.36478125,8734687.5
1980.0,America,Central,17.1506004362,0.0,0.1675,4.905166666666667,8296635.333333333
1980.0,America,Northern,4.710836252,0.0,0.1675,19.345,127170985.0
1980.0,America,Southern,13.3401175085,0.0,0.27347222241666663,2.4299166666666667,19410333.333333332
1980.0,Asia,Central,2.4067614647999998,0.0,0.1675,8.72242,8262100.0
1980.0,Asia,Eastern,6.6544568323333335,0.0,0.1675,9.9549,192748930.0
1980.0,Asia,Southeast,19.55527461,0.0,0.18768518522222222,4.482144444444444,39557357.777777776
1980.0,Asia,Southern,10.000276975375,0.0,0.1675,0.5610875,118061831.25
1980.0,Asia,Western,2.4173550735,0.0,0.1675,10.135633333333333,8066997.5
1980.0,Europa,Central,7.3099126949999995,0.0,0.1675,10.444500000000001,42918755.0
1980.0,Europa,Eastern,5.7937027618181824,0.0,0.1675,10.895754545454546,27272981.818181816
1980.0,Europa,Northern,6.0868229591,0.0,0.1675,10.33169,8966360.0
1980.0,Europa,Southern,8.62272523990909,0.0,0.1675,4.681663636363637,12477528.181818182
1980.0,Europa,Western,6.642780560142858,0.0,0.1675,12.326942857142857,13391015.714285715
1980.0,Oceania,All,16.928290527999998,0.0,0.349166667,3.4358571428571425,3172395.714285714
1981.0,Africa,Central,11.41708222311111,0.0,0.3375,1.2485,
1981.0,Africa,Eastern,9.087915091375,0.0,0.3090625,0.2984,
1981.0,Africa,Northern,0.8489503628333334,0.0,0.36999999999999994,2.4229499999999997,
1981.0,Africa,Southern,4.8157237044,0.0,0.2725,3.5214999999999996,
1981.0,Africa,Western,9.312176928125,0.0,0.37,0.31981875,
1981.0,America,Central,17.484544404266668,0.0,0.37,3.2280666666666664,
1981.0,America,Northern,4.842598236,0.0,0.37,18.4866,
1981.0,America,Southern,14.305568222166665,0.0,0.31312500000000004,2.274208333333333,
1981.0,Asia,Central,2.9014104252,0.0,0.37,8.38608,
1981.0,Asia,Eastern,6.315620616666667,0.0,0.36999999999999994,9.440900000000001,
1981.0,Asia,Southeast,18.811479544444445,0.0,0.35916666666666663,1.361711111111111,
1981.0,Asia,Southern,10.812837763125,0.0,0.37,0.5329999999999999,
1981.0,Asia,Western,2.5397255834166668,0.0,0.36999999999999994,9.438841666666667,
1981.0,Europa,Central,7.9872853115,0.0,0.37,10.383099999999999,
1981.0,Europa,Eastern,5.5979324313636365,0.0,0.37000000000000005,10.613581818181817,
1981.0,Europa,Northern,6.6085518606,0.0,0.37,9.79002,
1981.0,Europa,Southern,8.212233045636365,0.0,0.37000000000000005,4.901063636363636,
1981.0,Europa,Western,7.850823318571429,0.0,0.37,11.149371428571428,
1981.0,Oceania,All,17.658911018714285,0.0,0.2725,3.520657142857143,
1982.0,Africa,Central,11.548297019333333,0.0,0.11277777800000001,1.2706444444444445,
1982.0,Africa,Eastern,9.43368570375,0.0,0.164062500125,0.2889066666666667,
1982.0,Africa,Northern,1.3259843491666665,0.0,0.054166667,2.39685,
1982.0,Africa,Southern,3.5098497465999996,0.0,0.23000000000000004,3.7119666666666666,
1982.0,Africa,Western,8.7372893034375,0.0,0.054166667,0.28934375,
1982.0,America,Central,15.012919557333333,0.0,0.054166666999999995,3.074406666666667,
1982.0,America,Northern,5.111211995,0.0,0.054166667,17.515549999999998,
1982.0,America,Southern,13.510596953750001,0.0,0.15673611125,2.131125,
1982.0,Asia,Central,2.2054472466,0.0,0.054166667,8.37672,
1982.0,Asia,Eastern,5.8353895615,0.0,0.054166667,9.07905,
1982.0,Asia,Southeast,16.42298517,0.0,0.073703704,1.6653444444444445,
1982.0,Asia,Southern,10.272766111375,0.0,0.054166667,0.6040875,
1982.0,Asia,Western,2.3685782222499996,0.0,0.054166667,8.326575,
1982.0,Europa,Central,6.5504402245,0.0,0.054166667,10.04035,
1982.0,Europa,Eastern,4.549116548818182,0.0,0.054166666999999995,10.744381818181818,
1982.0,Europa,Northern,5.9487792409999996,0.0,0.054166667,9.467699999999999,
1982.0,Europa,Southern,7.746015111272727,0.0,0.054166666999999995,4.653309090909091,
1982.0,Europa,Western,6.903979174999999,0.0,0.054166667,10.417771428571427,
1982.0,Oceania,All,16.992822275428573,0.0,0.23,3.535014285714286,
1983.0,Africa,Central,10.116306897777777,0.0,0.292777778,1.0941666666666667,
1983.0,Africa,Eastern,7.566931776625,0.0,0.333125000125,0.2973,
1983.0,Africa,Northern,0.910567776,0.0,0.24666666700000003,2.45285,
1983.0,Africa,Southern,3.918582694,0.0,0.385,3.6228000000000002,
1983.0,Africa,Western,7.7802435095625,0.0,0.246666667,0.27336875,
1983.0,America,Central,15.345932470533334,0.0,0.246666667,2.8038533333333335,
1983.0,America,Northern,5.1072538145,0.0,0.246666667,17.2957,
1983.0,America,Southern,12.681563835833332,0.0,0.32736111125,1.9421499999999998,
1983.0,Asia,Central,2.0606427625999997,0.0,0.246666667,8.327760000000001,
1983.0,Asia,Eastern,6.375066962999999,0.0,0.24666666700000003,8.672716666666666,
1983.0,Asia,Southeast,17.059642004444445,0.0,0.2620370373333334,2.011088888888889,
1983.0,Asia,Southern,10.986262768375,0.0,0.246666667,0.6319625,
1983.0,Asia,Western,2.4946892546666666,0.0,0.24666666700000003,7.773558333333334,
1983.0,Europa,Central,6.545414967499999,0.0,0.246666667,9.90165,
1983.0,Europa,Eastern,4.579206690545455,0.0,0.24666666699999998,10.806681818181818,
1983.0,Europa,Northern,6.1917167228,0.0,0.246666667,9.33421,
1983.0,Europa,Southern,7.056375161636364,0.0,0.24666666699999998,4.8384,
1983.0,Europa,Western,6.713214569142857,0.0,0.246666667,10.026557142857143,
1983.0,Oceania,All,16.142325372714286,0.0,0.38500000000000006,3.380642857142857,
1984.0,Africa,Central,12.856452676,0.0,0.11805555533333334,1.1241666666666665,
1984.0,Africa,Eastern,7.7176005458125,0.0,0.187812499875,0.27774666666666664,
1984.0,Africa,Northern,0.9954720506666667,0.0,0.038333333,2.45755,
1984.0,Africa,Southern,4.4533112566,0.0,0.2775,3.8061666666666665,
1984.0,Africa,Western,8.734390624375001,0.0,0.038333333,0.2880625,
1984.0,America,Central,16.15719414413333,0.0,0.038333333,2.731933333333333,
1984.0,America,Northern,4.8773517255000005,0.0,0.038333333,17.732300000000002,
1984.0,America,Southern,13.715051829666665,0.0,0.17784722208333334,1.9865166666666667,
1984.0,Asia,Central,2.1779686326,0.0,0.038333333,8.23518,
1984.0,Asia,Eastern,5.864993265166667,0.0,0.038333333,9.975633333333334,
1984.0,Asia,Southeast,18.068590013333335,0.0,0.06490740711111112,1.535588888888889,
1984.0,Asia,Southern,12.162801296125,0.0,0.038333333,0.6222625,
1984.0,Asia,Western,2.0436346364166664,0.0,0.038333333,7.993333333333333,
1984.0,Europa,Central,6.8043873185,0.0,0.038333333,10.213750000000001,
1984.0,Europa,Eastern,4.902442327181818,0.0,0.038333333,10.859254545454545,
1984.0,Europa,Northern,5.9910258403,0.0,0.038333333,9.4641,
1984.0,Europa,Southern,8.395939077545455,0.0,0.038333333,4.960372727272728,
1984.0,Europa,Western,7.075850328428571,0.0,0.038333333000000004,10.2979,
1984.0,Oceania,All,18.03780463114286,0.0,0.2775,3.4736714285714285,
1985.0,Africa,Central,12.446642005444444,0.0,0.076666667,1.1420444444444444,6833457.777777778
1985.0,Africa,Eastern,8.77284369725,0.0,0.146666667,0.2765333333333333,10301128.75
1985.0,Africa,Northern,1.0176749658333333,0.0,-0.0033333329999999995,2.527283333333333,21542518.333333332
1985.0,Africa,Southern,4.2586888478,0.0,0.236666667,3.874233333333333,7474938.0
1985.0,Africa,Western,9.1026578979375,0.0,-0.003333333,0.28674375,9978688.75
1985.0,America,Central,14.0867909772,0.0,-0.003333333,2.7762466666666663,9119843.333333334
1985.0,America,Northern,4.8329116305,0.0,-0.003333333,17.512500000000003,130159120.0
1985.0,America,Southern,12.481845338333335,0.0,0.136666667,1.9826916666666667,21470517.5
1985.0,Asia,Central,2.1219938528,0.0,-0.003333333,8.70698,9059346.0
1985.0,Asia,Eastern,6.864049672500001,0.0,-0.0033333329999999995,10.390716666666666,204775740.0
1985.0,Asia,Southeast,17.340351,0.0,0.023333333666666668,1.8551888888888888,44073487.777777776
1985.0,Asia,Southern,10.6477824795,0.0,-0.003333333,0.6519375000000001,132586007.5
1985.0,Asia,Western,2.0334907811666665,0.0,-0.0033333329999999995,7.838991666666668,9335173.333333334
1985.0,Europa,Central,6.9776755605,0.0,-0.003333333,10.2894,41255955.0
1985.0,Europa,Eastern,5.032678622727273,0.0,-0.0033333330000000004,11.1752,27591035.454545453
1985.0,Europa,Northern,5.8610927404,0.0,-0.003333333,10.071670000000001,8770671.0
1985.0,Europa,Southern,7.923566295727273,0.0,-0.0033333330000000004,5.017227272727272,12460136.363636363
1985.0,Europa,Western,6.014179648571428,0.0,-0.003333333,10.491414285714285,13370204.285714285
1985.0,Oceania,All,18.423144704571428,0.0,0.236666667,3.6562571428571427,3377141.4285714286
1986.0,Africa,Central,11.528017086444443,0.0,0.16666666633333332,0.8744777777777777,
1986.0,Africa,Eastern,8.3881064626875,0.0,0.195833333,0.29911333333333334,
1986.0,Africa,Northern,1.2322377793333334,0.0,0.133333333,2.647116666666667,
1986.0,Africa,Southern,4.0807982308,0.0,0.23333333299999998,3.8201,
1986.0,Africa,Western,8.409396618625,0.0,0.133333333,0.25871875,
1986.0,America,Central,14.705123048533332,0.0,0.133333333,2.51434,
1986.0,America,Northern,4.896847849,0.0,0.133333333,17.0027,
1986.0,America,Southern,13.197275874083333,0.0,0.19166666633333332,2.0144083333333334,
1986.0,Asia,Central,2.0560664868,0.0,0.133333333,8.55406,
1986.0,Asia,Eastern,6.029386492166666,0.0,0.133333333,9.884183333333333,
1986.0,Asia,Southeast,16.67901561,0.0,0.14444444411111113,1.693388888888889,
1986.0,Asia,Southern,10.235448652375,0.0,0.133333333,0.6012625,
1986.0,Asia,Western,2.2622774395,0.0,0.133333333,8.3307,
1986.0,Europa,Central,6.9429388795,0.0,0.133333333,10.2543,
1986.0,Europa,Eastern,4.282069658,0.0,0.133333333,11.206281818181818,
1986.0,Europa,Northern,6.0394991747999995,0.0,0.133333333,10.26993,
1986.0,Europa,Southern,7.572394369363637,0.0,0.133333333,5.103109090909091,
1986.0,Europa,Western,6.844975054857143,0.0,0.133333333,10.341871428571428,
1986.0,Oceania,All,18.26343314957143,0.0,0.233333333,3.5798857142857146,
1987.0,Africa,Central,11.416238865111112,0.0,0.300277778,0.7654000000000001,
1987.0,Africa,Eastern,7.863246264125,0.0,0.347187500125,0.3182266666666667,
1987.0,Africa,Northern,1.0449331768333334,0.0,0.24666666700000003,2.56215,
1987.0,Africa,Southern,4.358836288,0.0,0.4074999999999999,3.7461,
1987.0,Africa,Western,8.833544539750001,0.0,0.246666667,0.35163125,
1987.0,America,Central,15.082134950399999,0.0,0.246666667,2.579426666666667,
1987.0,America,Northern,4.6624905965,0.0,0.246666667,17.7019,
1987.0,America,Southern,12.46589984775,0.0,0.34048611125,2.0969083333333334,
1987.0,Asia,Central,2.9353970378,0.0,0.246666667,8.34872,
1987.0,Asia,Eastern,6.645960351833334,0.0,0.24666666700000003,9.843266666666667,
1987.0,Asia,Southeast,15.144486363333332,0.0,0.26453703733333334,2.152911111111111,
1987.0,Asia,Southern,10.62441258425,0.0,0.246666667,0.635425,
1987.0,Asia,Western,2.62139250375,0.0,0.24666666700000003,7.521258333333333,
1987.0,Europa,Central,7.771494556,0.0,0.246666667,10.3721,
1987.0,Europa,Eastern,5.133706266090909,0.0,0.24666666699999998,11.1882,
1987.0,Europa,Northern,5.8327730942,0.0,0.246666667,10.29116,
1987.0,Europa,Southern,8.447120391818181,0.0,0.24666666699999998,5.0627545454545455,
1987.0,Europa,Western,7.0929007411428575,0.0,0.246666667,10.155128571428572,
1987.0,Oceania,All,15.304140499285714,0.0,0.40750000000000003,3.703442857142857,
1988.0,Africa,Central,13.859629621,0.0,0.3819444443333333,0.7820222222222222,
1988.0,Africa,Eastern,8.3924309635,0.0,0.39166666675,0.30756666666666665,
1988.0,Africa,Northern,1.2788551916666666,0.0,0.370833333,2.6789833333333335,
1988.0,Africa,Southern,5.4844409382,0.0,0.404166667,3.8035333333333328,
1988.0,Africa,Western,9.52319671825,0.0,0.370833333,0.36275,
1988.0,America,Central,17.311345563066666,0.0,0.370833333,2.4938333333333333,
1988.0,America,Northern,4.539494316,0.0,0.370833333,18.3732,
1988.0,America,Southern,12.971432400416667,0.0,0.3902777778333333,2.2006666666666668,
1988.0,Asia,Central,2.3875072774,0.0,0.370833333,8.40632,
1988.0,Asia,Eastern,5.6254900455,0.0,0.370833333,10.094683333333334,
1988.0,Asia,Southeast,18.38373245111111,0.0,0.3745370367777778,3.2281999999999997,
1988.0,Asia,Southern,12.076042837625,0.0,0.370833333,0.6641375,
1988.0,Asia,Western,2.881478555333333,0.0,0.370833333,7.6125333333333325,
1988.0,Europa,Central,7.485354769000001,0.0,0.370833333,10.0264,
1988.0,Europa,Eastern,5.345705265727273,0.0,0.370833333,11.097290909090908,
1988.0,Europa,Northern,6.2278578609,0.0,0.370833333,10.18459,
1988.0,Europa,Southern,7.230004871272727,0.0,0.370833333,5.21690909090909,
1988.0,Europa,Western,7.659287831,0.0,0.37083333299999993,10.136657142857143,
1988.0,Oceania,All,22.22184084985714,0.0,0.404166667,3.7806285714285712,
1989.0,Africa,Central,12.033044784777779,0.0,0.26944444433333337,0.9905,
1989.0,Africa,Eastern,9.5757370124375,0.0,0.271145833125,0.31062666666666666,
1989.0,Africa,Northern,1.1792824376666666,0.0,0.2675,2.6333333333333333,
1989.0,Africa,Southern,4.9142771916,0.0,0.273333333,3.7260000000000004,
1989.0,Africa,Western,9.6326491775625,0.0,0.2675,0.32830625,
1989.0,America,Central,14.565999249933332,0.0,0.2675,2.7136533333333333,
1989.0,America,Northern,4.616827343000001,0.0,0.2675,18.421,
1989.0,America,Southern,13.373497982166667,0.0,0.2709027775833333,2.1380666666666666,
1989.0,Asia,Central,2.085575258,0.0,0.2675,8.068760000000001,
1989.0,Asia,Eastern,6.706228647833334,0.0,0.2675,10.466316666666666,
1989.0,Asia,Southeast,16.39075310333333,0.0,0.26814814811111115,3.4816444444444445,
1989.0,Asia,Southern,10.322984076625,0.0,0.2675,0.6765625,
1989.0,Asia,Western,1.7358820575833331,0.0,0.2675,7.998708333333333,
1989.0,Europa,Central,6.4683440055000005,0.0,0.2675,9.9052,
1989.0,Europa,Eastern,4.816728398363636,0.0,0.2675,10.767663636363636,
1989.0,Europa,Northern,6.2466569409,0.0,0.2675,9.93249,
1989.0,Europa,Southern,7.453696496272727,0.0,0.2675,5.462490909090909,
1989.0,Europa,Western,5.7650604201428575,0.0,0.2675,10.568928571428572,
1989.0,Oceania,All,18.846853485285717,0.0,0.273333333,3.8862428571428573,
1990.0,Africa,Central,12.186146227333332,18858888.888888888,0.47611111100000003,0.7154333333333335,7963618.888888889
1990.0,Africa,Eastern,7.6423014898125,21803125.0,0.43041666675,0.3167666666666667,12001367.5
1990.0,Africa,Northern,1.2969699008333333,73588333.33333333,0.528333333,2.5476999999999994,24327628.333333332
1990.0,Africa,Southern,3.6783478566,68304000.0,0.371666667,3.15985,8418684.0
1990.0,Africa,Western,8.7057703715625,20035625.0,0.528333333,0.22886875,11407441.25
1990.0,America,Central,15.267724827533334,39623333.333333336,0.528333333,2.647866666666667,10148942.0
1990.0,America,Northern,5.076941083,3265475000.0,0.528333333,18.5599,140519490.0
1990.0,America,Southern,13.796430338166667,110773333.33333333,0.4369444445,2.113933333333333,23775125.833333332
1990.0,Asia,Central,2.3699054636,127002000.0,0.528333333,8.094339999999999,10081956.0
1990.0,Asia,Eastern,6.632978753500001,823000000.0,0.528333333,9.327133333333334,222428305.0
1990.0,Asia,Southeast,16.014741984444445,113624444.44444445,0.5109259256666666,3.412477777777778,49066633.333333336
1990.0,Asia,Southern,11.211353135375,224981250.0,0.528333333,0.7317874999999999,149470500.0
1990.0,Asia,Western,1.7603300044166668,56915000.0,0.528333333,7.467275,10664460.0
1990.0,Europa,Central,7.0272179725,618200000.0,0.528333333,10.67745,43384020.0
1990.0,Europa,Eastern,4.5595361709999995,502548181.8181818,0.528333333,10.266463636363637,28727611.818181816
1990.0,Europa,Northern,6.708014327399999,119263000.0,0.528333333,10.61143,9185606.0
1990.0,Europa,Southern,6.820012670636363,98980909.0909091,0.528333333,5.532290909090909,12903200.909090908
1990.0,Europa,Western,6.629465554857142,141725714.2857143,0.528333333,11.419871428571428,14194224.285714285
1990.0,Oceania,All,17.980153215857143,84554285.71428572,0.371666667,3.861042857142857,3713448.5714285714
1991.0,Africa,Central,12.144432162777777,19168888.888888888,0.406388889,0.6959,
1991.0,Africa,Eastern,8.2929070974375,21688125.0,0.40395833325,0.3159466666666667,
1991.0,Africa,Northern,1.2639386426666668,74435000.0,0.409166667,2.7828999999999997,
1991.0,Africa,Southern,5.1035532388,67646000.0,0.400833333,2.6517000000000004,
1991.0,Africa,Western,9.459832907000001,21152500.0,0.409166667,0.2285875,
1991.0,America,Central,14.240818837,40364000.0,0.409166667,2.673506666666667,
1991.0,America,Northern,5.0114980605,3242140000.0,0.409166667,18.08915,
1991.0,America,Southern,12.582462771583332,113535833.33333333,0.40430555549999997,2.130558333333333,
1991.0,Asia,Central,2.4862789176,127676000.0,0.40916666699999993,7.45376,
1991.0,Asia,Eastern,5.894005760333333,854630000.0,0.409166667,9.657233333333334,
1991.0,Asia,Southeast,15.937045445111112,117965555.55555555,0.40824074099999996,3.0618999999999996,
1991.0,Asia,Southern,10.023218494125,237080000.0,0.409166667,0.7700625,
1991.0,Asia,Western,2.9221242752500003,59164166.666666664,0.409166667,7.9095,
1991.0,Europa,Central,6.359234491,605505000.0,0.409166667,10.607299999999999,
1991.0,Europa,Eastern,4.856199045090909,478857272.72727275,0.409166667,9.184881818181818,
1991.0,Europa,Northern,6.0676138506,121170000.0,0.40916666699999993,10.53677,
1991.0,Europa,Southern,7.750916921545454,97364545.45454545,0.409166667,4.821045454545454,
1991.0,Europa,Western,5.829672117,148605714.2857143,0.409166667,11.800571428571429,
1991.0,Oceania,All,17.766708056857144,84577142.85714285,0.400833333,3.827985714285714,
1992.0,Africa,Central,10.987395601777777,19354444.444444444,0.19138888866666667,0.7546222222222222,
1992.0,Africa,Eastern,7.39717265025,21808750.0,0.242187499875,0.32964000000000004,
1992.0,Africa,Northern,1.2801029401666668,75630000.0,0.133333333,2.5280833333333335,
1992.0,Africa,Southern,2.7106266556,67132000.0,0.3075,2.48834,
1992.0,Africa,Western,9.0999436296875,22400000.0,0.133333333,0.22329374999999999,
1992.0,America,Central,14.904827888866667,40753333.333333336,0.133333333,2.78604,
1992.0,America,Northern,4.7668823115,3290655000.0,0.133333333,18.3571,
1992.0,America,Southern,12.469479113916668,115889166.66666667,0.23493055541666666,2.1123083333333335,
1992.0,Asia,Central,2.4505691908,120974000.0,0.133333333,6.46902,
1992.0,Asia,Eastern,6.085252258666666,880160000.0,0.133333333,9.333350000000001,
1992.0,Asia,Southeast,15.325942815888888,123348888.8888889,0.1526851848888889,3.0235333333333334,
1992.0,Asia,Southern,8.873553810375,245075000.0,0.133333333,0.773675,
1992.0,Asia,Western,2.7092827173333336,62395833.333333336,0.133333333,10.378766666666667,
1992.0,Europa,Central,6.8717651715,578815000.0,0.133333333,9.8836,
1992.0,Europa,Eastern,4.7617931971818175,441669090.90909094,0.133333333,8.362254545454546,
1992.0,Europa,Northern,6.3174326184,115715000.0,0.133333333,9.245239999999999,
1992.0,Europa,Southern,7.098877461727272,97090909.0909091,0.133333333,4.953654545454546,
1992.0,Europa,Western,6.837138019571428,141378571.42857143,0.133333333,11.1326,
1992.0,Oceania,All,17.57365718942857,85175714.28571428,0.3075,3.9137285714285714,
1993.0,Africa,Central,11.308756364555556,20138888.888888888,0.21861111133333336,0.7419,
1993.0,Africa,Eastern,8.228088382187499,21428125.0,0.24437500012500002,0.32905333333333336,
1993.0,Africa,Northern,1.1704369321666668,77886666.66666667,0.18916666699999998,2.6111666666666666,
1993.0,Africa,Southern,4.1217970548,68668000.0,0.2775,2.59158,
1993.0,Africa,Western,9.206028129625,22924375.0,0.189166667,0.23348750000000001,
1993.0,America,Central,16.27306992586667,42002000.0,0.189166667,2.667913333333333,
1993.0,America,Northern,4.9336678465,3344980000.0,0.189166667,18.365099999999998,
1993.0,America,Southern,13.003056151333332,118015833.33333333,0.24069444458333336,2.1917500000000003,
1993.0,Asia,Central,2.8701775302,116938000.0,0.189166667,5.70532,
1993.0,Asia,Eastern,6.765241447666667,919620000.0,0.18916666699999998,9.606499999999999,
1993.0,Asia,Southeast,15.597198583333332,129152222.22222222,0.1989814817777778,2.9719777777777776,
1993.0,Asia,Southern,10.208150725,250342500.0,0.189166667,0.77985,
1993.0,Asia,Western,2.1699452435833333,66784166.666666664,0.18916666699999998,12.1541,
1993.0,Europa,Central,7.2010480365,574910000.0,0.189166667,9.78615,
1993.0,Europa,Eastern,4.766783621,406225454.54545456,0.189166667,7.755027272727273,
1993.0,Europa,Northern,6.175620351499999,113123000.0,0.189166667,8.83044,
1993.0,Europa,Southern,7.179714028,94650000.0,0.189166667,4.746918181818182,
1993.0,Europa,Western,7.160214291428572,139264285.7142857,0.189166667,10.679057142857143,
1993.0,Oceania,All,15.889697331714286,85151428.57142857,0.2775,3.8834714285714287,
1994.0,Africa,Central,11.91948184888889,26764444.444444444,0.335277778,0.6684777777777778,
1994.0,Africa,Eastern,8.12856734475,21548750.0,0.30343750012500004,0.32145,
1994.0,Africa,Northern,1.3476199626666665,78950000.0,0.371666667,2.7407833333333333,
1994.0,Africa,Southern,3.4995946226,70064000.0,0.2625,2.7077799999999996,
1994.0,Africa,Western,10.11266850675,23356875.0,0.371666667,0.22508125,
1994.0,America,Central,14.422113098199999,44252000.0,0.371666667,2.6295266666666666,
1994.0,America,Northern,4.7651578494999995,3398730000.0,0.371666667,18.61005,
1994.0,America,Southern,13.017287517416667,121311666.66666667,0.30798611125,2.29045,
1994.0,Asia,Central,2.558673554,106834000.0,0.371666667,5.26662,
1994.0,Asia,Eastern,5.7409962905,957368333.3333334,0.371666667,9.8344,
1994.0,Asia,Southeast,19.420451965555557,135157777.7777778,0.35953703733333336,2.8576333333333332,
1994.0,Asia,Southern,10.179669492125,261523750.0,0.371666667,0.84955,
1994.0,Asia,Western,2.8711499470833335,69752500.0,0.371666667,12.580008333333334,
1994.0,Europa,Central,7.3088785665,568515000.0,0.371666667,9.6502,
1994.0,Europa,Eastern,4.936819090727273,367644545.45454544,0.371666667,7.063381818181818,
1994.0,Europa,Northern,5.935580828400001,113073000.0,0.371666667,9.069469999999999,
1994.0,Europa,Southern,7.314985001363637,94567272.72727273,0.371666667,4.557718181818182,
1994.0,Europa,Western,7.505360234285715,137650000.0,0.371666667,10.200114285714287,
1994.0,Oceania,All,16.926061263285714,86018571.42857143,0.2625,3.883757142857143,
1995.0,Africa,Central,11.172816974777778,27364444.444444444,0.4908333333333334,0.7132333333333333,9425185.555555556
1995.0,Africa,Eastern,8.1030483678125,21965625.0,0.41500000000000004,0.31884375,13652693.75
1995.0,Africa,Northern,1.3527750024999998,81826666.66666667,0.5775,2.833983333333333,26855475.0
1995.0,Africa,Southern,4.4260392576,72342000.0,0.3175,2.7681600000000004,9479500.0
1995.0,Africa,Western,9.5898004334375,23133750.0,0.5775,0.22743125,12998990.0
1995.0,America,Central,16.1446481588,43423333.333333336,0.5775,2.6913333333333336,11112002.0
1995.0,America,Northern,4.8016233155,3439010000.0,0.5775,18.740850000000002,147812970.0
1995.0,America,Southern,12.347051943499999,125027500.0,0.42583333333333334,2.3522250000000002,25848840.833333332
1995.0,Asia,Central,1.7714027479999999,98246000.0,0.5775,5.04624,10679836.0
1995.0,Asia,Eastern,6.327330715166667,1030186666.6666666,0.5775,9.474116666666667,234926445.0
1995.0,Asia,Southeast,17.971567583333336,144277777.7777778,0.5486111111111112,3.0145666666666666,53491161.11111111
1995.0,Asia,Southern,9.98177406725,274147500.0,0.5775,0.8752500000000001,166151083.75
1995.0,Asia,Western,2.1821260383333336,72241666.66666667,0.5775,12.376091666666667,12112967.5
1995.0,Europa,Central,7.41727258,566415000.0,0.5775,9.79655,44932370.0
1995.0,Europa,Eastern,5.195267079272727,356768181.8181818,0.5775,6.916890909090909,28631864.545454547
1995.0,Europa,Northern,5.675922845700001,110820000.0,0.5775,8.81065,9296628.0
1995.0,Europa,Southern,8.272173111454546,99432727.27272727,0.5775,4.763218181818182,13009908.181818182
1995.0,Europa,Western,6.874381324428571,139315714.2857143,0.5775,9.206985714285713,14537168.57142857
1995.0,Oceania,All,17.460734190857142,87512857.14285715,0.3175,3.9392428571428573,3996691.4285714286
1996.0,Africa,Central,11.77582392511111,26462222.222222224,0.30638888900000005,0.7247777777777777,
1996.0,Africa,Eastern,8.0545929474375,21626250.0,0.34333333325000004,0.3253875,
1996.0,Africa,Northern,1.4825243410000002,84088333.33333333,0.264166667,2.7532,
1996.0,Africa,Southern,4.9513358998,74062000.0,0.390833333,2.64216,
1996.0,Africa,Western,9.6059562600625,23355000.0,0.264166667,0.2394125,
1996.0,America,Central,15.471503476933332,45666666.666666664,0.264166667,2.924806666666667,
1996.0,America,Northern,5.0321986260000005,3531255000.0,0.264166667,19.1538,
1996.0,America,Southern,13.912183073500001,128365833.33333333,0.3380555555,2.3813166666666667,
1996.0,Asia,Central,2.0421964366000003,92684000.0,0.264166667,4.77014,
1996.0,Asia,Eastern,5.9047696714999995,1041655000.0,0.264166667,9.458133333333334,
1996.0,Asia,Southeast,18.61998257,151602222.2222222,0.278240741,2.9851111111111113,
1996.0,Asia,Southern,10.258431430375,283456250.0,0.264166667,0.9044875,
1996.0,Asia,Western,2.46778751675,75794166.66666667,0.264166667,12.161591666666666,
1996.0,Europa,Central,7.096959409,582410000.0,0.264166667,10.1014,
1996.0,Europa,Eastern,4.9765740121818185,348086363.6363636,0.264166667,6.985690909090909,
1996.0,Europa,Northern,5.1711893496000005,115892000.0,0.264166667,9.45322,
1996.0,Europa,Southern,8.938392199454546,99504545.45454545,0.264166667,4.917781818181818,
1996.0,Europa,Western,6.0278666077142855,143630000.0,0.264166667,9.263357142857142,
1996.0,Oceania,All,19.16684066342857,86568571.42857143,0.39083333300000006,4.0365142857142855,
1997.0,Africa,Central,11.715288136777778,26920000.0,0.48277777766666663,0.7400222222222221,
1997.0,Africa,Eastern,8.774931007500001,21703125.0,0.452395833125,0.32275,
1997.0,Africa,Northern,1.3765408751666666,87201666.66666667,0.5175,2.7315666666666663,
1997.0,Africa,Southern,4.828381349,76844000.0,0.413333333,2.7831599999999996,
1997.0,Africa,Western,9.031081062875,23161875.0,0.5175,0.2301125,
1997.0,America,Central,12.488829919133334,48072000.0,0.5175,2.879786666666667,
1997.0,America,Northern,4.841065134,3664165000.0,0.5175,19.31805,
1997.0,America,Southern,12.1170842395,132818333.33333333,0.4567361109166666,2.5116916666666667,
1997.0,Asia,Central,2.1731947454,86228000.0,0.5175,4.6342,
1997.0,Asia,Eastern,6.270131625833334,1045278333.3333334,0.5175,9.225283333333334,
1997.0,Asia,Southeast,15.89444215222222,157215555.55555555,0.5059259258888888,3.0810666666666666,
1997.0,Asia,Southern,10.723859517625,293907500.0,0.5175,0.90825,
1997.0,Asia,Western,2.7305906336666665,77706666.66666667,0.5175,12.840033333333333,
1997.0,Europa,Central,6.8218932599999995,562890000.0,0.5175,9.905000000000001,
1997.0,Europa,Eastern,4.985135980727272,331940000.0,0.5175,6.710745454545455,
1997.0,Europa,Northern,5.7345821720000005,112027000.0,0.5175,9.13015,
1997.0,Europa,Southern,7.3270482435454545,102962727.27272727,0.5175,5.140954545454545,
1997.0,Europa,Western,6.740386732428571,140367142.85714287,0.5175,8.798542857142857,
1997.0,Oceania,All,15.818992501857142,88128571.42857143,0.413333333,4.1446,
1998.0,Africa,Central,11.449891272555554,27903333.333333332,0.6427777776666667,0.6619222222222222,
1998.0,Africa,Eastern,8.0516409879375,22783125.0,0.5883333331249999,0.32395625,
1998.0,Africa,Northern,1.1878281646666666,90268333.33333333,0.705,2.8677333333333332,
1998.0,Africa,Southern,4.2618545442,78216000.0,0.518333333,2.77984,
1998.0,Africa,Western,9.36428890675,22996250.0,0.705,0.23150625,
1998.0,America,Central,15.0212310212,50251333.333333336,0.705,2.9747333333333335,
1998.0,America,Northern,4.9547556595,3685095000.0,0.705,19.337249999999997,
1998.0,America,Southern,12.920218749083332,135120833.33333334,0.5961111109166667,2.6523833333333333,
1998.0,Asia,Central,2.7824262252,88792000.0,0.705,4.74916,
1998.0,Asia,Eastern,7.5424530113333335,1048735000.0,0.705,9.066533333333334,
1998.0,Asia,Southeast,16.975278114444443,156188888.8888889,0.6842592592222222,2.9976666666666665,
1998.0,Asia,Southern,10.428316864625,299317500.0,0.705,0.970875,
1998.0,Asia,Western,2.2120500203333333,77702500.0,0.705,11.618233333333334,
1998.0,Europa,Central,7.5077777975,549805000.0,0.705,9.8294,
1998.0,Europa,Eastern,5.173927544545455,321670909.09090906,0.705,6.478163636363636,
1998.0,Europa,Northern,6.3148778309999996,111415000.0,0.705,8.93914,
1998.0,Europa,Southern,7.708492295272728,105969090.9090909,0.705,5.447336363636364,
1998.0,Europa,Western,7.015342926714285,143204285.7142857,0.705,8.657814285714286,
1998.0,Oceania,All,15.886789759571428,91858571.42857143,0.518333333,4.162414285714286,
1999.0,Africa,Central,12.994877516777779,27723333.333333332,0.4144444443333334,0.6693111111111112,
1999.0,Africa,Eastern,8.232753356125,22881250.0,0.35854166675,0.340025,
1999.0,Africa,Northern,1.2066038091666667,93435000.0,0.47833333299999997,2.7386999999999997,
1999.0,Africa,Southern,4.320762941,74334000.0,0.286666667,2.7022399999999998,
1999.0,Africa,Western,10.46536337475,22891875.0,0.478333333,0.24086875,
1999.0,America,Central,14.5007746602,48929333.333333336,0.478333333,3.0986,
1999.0,America,Northern,4.711620723999999,3685490000.0,0.478333333,19.5333,
1999.0,America,Southern,13.234774308166669,136143333.33333334,0.36652777783333335,2.6942500000000003,
1999.0,Asia,Central,2.3929129348,87954000.0,0.478333333,4.618519999999999,
1999.0,Asia,Eastern,6.421750024833333,1053140000.0,0.47833333299999997,8.81725,
1999.0,Asia,Southeast,20.64937464222222,162314444.44444445,0.45703703677777774,2.474622222222222,
1999.0,Asia,Southern,9.849421545375,316036250.0,0.478333333,1.1207875,
1999.0,Asia,Western,1.767078408,77996666.66666667,0.47833333299999997,11.439533333333332,
1999.0,Europa,Central,7.448903168,531600000.0,0.478333333,9.5738,
1999.0,Europa,Eastern,5.0013972615454545,320512727.27272725,0.4783333330000001,6.135881818181818,
1999.0,Europa,Northern,6.1442426211,108107000.0,0.478333333,8.76533,
1999.0,Europa,Southern,8.106569846090908,107895454.54545455,0.4783333330000001,5.3100000000000005,
1999.0,Europa,Western,7.219303874571429,139457142.85714287,0.478333333,8.542942857142858,
1999.0,Oceania,All,20.82330919085714,96827142.85714285,0.286666667,4.246928571428572,
2000.0,Africa,Central,11.107659925555556,28693333.333333332,0.427777778,0.6701999999999999,10688591.111111112
2000.0,Africa,Eastern,7.7450920116874995,22214375.0,0.367500000125,0.34428125,15663458.75
2000.0,Africa,Northern,1.0221586136666667,96053333.33333333,0.496666667,2.8280166666666666,29308298.333333332
2000.0,Africa,Southern,5.411205525,75306000.0,0.29,2.7483,10287998.0
2000.0,Africa,Western,9.3402161635,22966250.0,0.496666667,0.25938125,14732245.625
2000.0,America,Central,13.688906664133333,50940666.666666664,0.496666667,3.20598,12027533.333333334
2000.0,America,Northern,4.4835023435,3772145000.0,0.496666667,19.9984,156581940.0
2000.0,America,Southern,14.318623051916667,138165000.0,0.37611111124999996,2.521925,27918964.166666668
2000.0,Asia,Central,2.0109115222,90964000.0,0.49666666700000006,4.8887,11072140.0
2000.0,Asia,Eastern,6.200115430333334,1098881666.6666667,0.496666667,10.620566666666667,244860726.66666666
2000.0,Asia,Southeast,19.13585335,164826666.66666666,0.47370370399999995,2.815855555555556,57675780.0
2000.0,Asia,Southern,9.969897145625,323521250.0,0.496666667,1.1062875,182489183.75
2000.0,Asia,Western,2.4154545860833334,82705000.0,0.496666667,11.954441666666666,13463610.833333334
2000.0,Europa,Central,7.5733955680000005,527015000.0,0.496666667,9.62655,45176055.0
2000.0,Europa,Eastern,4.571737582818182,323401818.1818182,0.496666667,6.115372727272727,28095831.818181816
2000.0,Europa,Northern,6.506652765300001,106597000.0,0.49666666700000006,8.61114,9424367.0
2000.0,Europa,Southern,7.196335312454545,110732727.27272727,0.496666667,5.589763636363636,13148070.0
2000.0,Europa,Western,7.5229767914285715,139042857.14285713,0.496666667,8.724242857142857,14839474.285714285
2000.0,Oceania,All,19.893584714285712,100375714.28571428,0.29,4.300628571428571,4283242.857142857
2001.0,Africa,Central,10.706838012555556,29801111.111111112,0.5708333329999999,1.3880555555555556,
2001.0,Africa,Eastern,7.7032875635,23479375.0,0.5117708329999999,0.34195624999999996,
2001.0,Africa,Northern,0.9745238825000001,98976666.66666667,0.638333333,2.8006333333333338,
2001.0,Africa,Southern,3.9430589138000003,83152000.0,0.435833333,2.7114000000000003,
2001.0,Africa,Western,9.02948010675,24207500.0,0.638333333,0.27066250000000003,
2001.0,America,Central,13.034850311866666,51402000.0,0.638333333,3.3651,
2001.0,America,Northern,4.466710617,3740625000.0,0.638333333,19.51335,
2001.0,America,Southern,12.603834449666666,140515833.33333334,0.5202083329999999,2.5324416666666667,
2001.0,Asia,Central,1.9801297292000002,92594000.0,0.638333333,4.78672,
2001.0,Asia,Eastern,5.794442424833334,1132931666.6666667,0.638333333,9.772783333333333,
2001.0,Asia,Southeast,18.363357681555556,168951111.1111111,0.6158333329999999,2.7823444444444445,
2001.0,Asia,Southern,9.97119260325,329398750.0,0.638333333,1.1458125,
2001.0,Asia,Western,2.429667783083333,83375000.0,0.638333333,12.707558333333333,
2001.0,Europa,Central,7.556646351,536950000.0,0.638333333,9.95355,
2001.0,Europa,Eastern,5.540316313818182,326440909.09090906,0.638333333,6.288418181818182,
2001.0,Europa,Northern,6.3582208764,108396000.0,0.638333333,8.86942,
2001.0,Europa,Southern,7.844955318272727,110687272.72727273,0.638333333,5.7178818181818185,
2001.0,Europa,Western,7.630749624142857,140284285.7142857,0.638333333,8.893242857142857,
2001.0,Oceania,All,17.973450316571427,106377142.85714285,0.435833333,4.446614285714285,
2002.0,Africa,Central,11.352306256666667,30862222.222222224,0.6566666666666667,1.6163555555555553,
2002.0,Africa,Eastern,8.5890530505,24241250.0,0.6078125000000001,0.33524375,
2002.0,Africa,Northern,1.2735149333333333,103330000.0,0.7125,2.797316666666667,
2002.0,Africa,Southern,3.3183454417999996,85920000.0,0.545,2.60058,
2002.0,Africa,Western,8.4378739313125,24931875.0,0.7125,0.2825625,
2002.0,America,Central,13.362039653533333,52045333.333333336,0.7125,3.4591866666666666,
2002.0,America,Northern,4.5546612215,3663160000.0,0.7125,19.49755,
2002.0,America,Southern,13.68273382025,142526666.66666666,0.6147916666666667,2.428675,
2002.0,Asia,Central,2.7168672212000002,97912000.0,0.7125,5.13626,
2002.0,Asia,Eastern,6.2094228435000005,1189255000.0,0.7125,8.823133333333333,
2002.0,Asia,Southeast,16.881535544444446,173362222.2222222,0.6938888888888889,2.7325555555555554,
2002.0,Asia,Southern,10.5937738605,337036250.0,0.7125,1.1527500000000002,
2002.0,Asia,Western,2.4230544006666666,86453333.33333333,0.7125,12.524833333333333,
2002.0,Europa,Central,8.465935249,528585000.0,0.7125,9.938649999999999,
2002.0,Europa,Eastern,5.336620113363637,326166363.6363636,0.7125,6.1882909090909095,
2002.0,Europa,Northern,6.1894449735,106619000.0,0.7125,8.81776,
2002.0,Europa,Southern,8.273106960545455,113850000.0,0.7125,5.854772727272728,
2002.0,Europa,Western,7.635322002285714,138058571.42857143,0.7125,9.040714285714285,
2002.0,Oceania,All,16.392696566999998,104630000.0,0.545,4.412642857142857,
2003.0,Africa,Central,10.949007943,33891111.11111111,0.662777778,1.6421222222222223,
2003.0,Africa,Eastern,8.000896691875,24965000.0,0.589375000125,0.34268750000000003,
2003.0,Africa,Northern,1.5291231946666668,106298333.33333333,0.746666667,2.8596,
2003.0,Africa,Southern,2.6651618517999998,88492000.0,0.495,2.75826,
2003.0,Africa,Western,9.532836852625,25365000.0,0.746666667,0.29305625,
2003.0,America,Central,13.5934025702,53468666.666666664,0.746666667,3.6816733333333334,
2003.0,America,Northern,4.7189663355,3702440000.0,0.746666667,19.6614,
2003.0,America,Southern,12.953782075500001,145742500.0,0.59986111125,2.446125,
2003.0,Asia,Central,2.5818515264,101350000.0,0.746666667,5.53624,
2003.0,Asia,Eastern,7.129630669166667,1295821666.6666667,0.746666667,9.616366666666666,
2003.0,Asia,Southeast,17.98303306888889,180344444.44444445,0.7187037039999999,2.887166666666667,
2003.0,Asia,Southern,10.048792291249999,347058750.0,0.746666667,1.1691125,
2003.0,Asia,Western,2.700589279166667,88695000.0,0.746666667,12.679775,
2003.0,Europa,Central,5.7681035375,531035000.0,0.746666667,10.261949999999999,
2003.0,Europa,Eastern,4.632739563636363,338914545.45454544,0.746666667,6.437554545454546,
2003.0,Europa,Northern,5.65914001,109328000.0,0.746666667,9.21093,
2003.0,Europa,Southern,7.434493252272727,116659090.9090909,0.746666667,5.965236363636364,
2003.0,Europa,Western,5.875483022857144,139214285.7142857,0.7466666670000001,9.254385714285714,
2003.0,Oceania,All,17.44308877557143,93997142.85714285,0.495,4.520857142857143,
2004.0,Africa,Central,10.858784168888889,34125555.55555555,0.5777777780000001,1.783488888888889,
2004.0,Africa,Eastern,7.806890247875,25231875.0,0.506562500125,0.33876249999999997,
2004.0,Africa,Northern,1.1182415503333334,110480000.0,0.659166667,2.9037,
2004.0,Africa,Southern,3.9396921538000003,94310000.0,0.4149999999999999,2.93846,
2004.0,Africa,Western,7.8117489368125,25707500.0,0.659166667,0.30315625,
2004.0,America,Central,13.686414827333333,54325333.333333336,0.6591666669999999,3.6366266666666665,
2004.0,America,Northern,4.933022397,3740540000.0,0.659166667,19.65025,
2004.0,America,Southern,13.542444250083333,152607500.0,0.5167361112500001,2.433316666666667,
2004.0,Asia,Central,2.296838558,105252000.0,0.659166667,5.71338,
2004.0,Asia,Eastern,6.614769803833333,1424350000.0,0.659166667,9.614133333333333,
2004.0,Asia,Southeast,16.639221096666667,187340000.0,0.6320370373333334,3.0934777777777778,
2004.0,Asia,Southern,11.0254042505,365398750.0,0.659166667,1.2148,
2004.0,Asia,Western,2.4820145645,92250000.0,0.659166667,12.458866666666667,
2004.0,Europa,Central,7.0821384445,520970000.0,0.659166667,10.1583,
2004.0,Europa,Eastern,5.537637142272727,340268181.8181818,0.659166667,6.516154545454546,
2004.0,Europa,Northern,6.4208474499,107739000.0,0.659166667,9.09217,
2004.0,Europa,Southern,8.425281389636364,119812727.27272727,0.659166667,6.112345454545454,
2004.0,Europa,Western,6.618721276285714,139401428.57142857,0.659166667,9.689171428571429,
2004.0,Oceania,All,18.090444607571428,103057142.85714285,0.415,4.5937,
2005.0,Africa,Central,9.493824638222222,35225555.55555555,0.7358333336666667,1.7360333333333333,12325591.111111112
2005.0,Africa,Eastern,7.0624664020625,26437500.0,0.6322916670000001,0.35565625,17791265.625
2005.0,Africa,Northern,1.1997421216666666,117001666.66666667,0.854166667,3.0559999999999996,31929313.333333332
2005.0,Africa,Southern,3.3495836538,95064000.0,0.499166667,2.8289999999999997,10983682.0
2005.0,Africa,Western,8.598595750125,27508750.0,0.854166667,0.31696875,16721003.75
2005.0,America,Central,15.996602962933334,56620000.0,0.854166667,3.9046999999999996,12866053.333333334
2005.0,America,Northern,4.904653722,3754120000.0,0.854166667,19.35405,164551855.0
2005.0,America,Southern,13.883127550333334,155435833.33333334,0.6470833336666667,2.477925,29829518.333333332
2005.0,Asia,Central,1.9583344679999999,107490000.0,0.854166667,5.82678,11472676.0
2005.0,Asia,Eastern,6.152853468166666,1548008333.3333333,0.854166667,9.2166,251898815.0
2005.0,Asia,Southeast,18.372694155555553,190708888.8888889,0.8147222225555555,3.1128555555555555,61622728.88888889
2005.0,Asia,Southern,10.718886171374999,382111250.0,0.854166667,1.2687,198050843.75
2005.0,Asia,Western,2.2426012499166665,98641666.66666667,0.854166667,12.802166666666666,15101875.0
2005.0,Europa,Central,7.300037694,508565000.0,0.854166667,10.106,45386350.0
2005.0,Europa,Eastern,5.8018832846363635,339362727.27272725,0.8541666669999999,6.569045454545455,27475914.545454547
2005.0,Europa,Northern,5.9434017102,105217000.0,0.854166667,8.71518,9604085.0
2005.0,Europa,Southern,8.366477452,121278181.81818181,0.8541666669999999,6.096718181818182,13607351.818181818
2005.0,Europa,Western,5.959039945714286,138848571.42857143,0.854166667,9.694500000000001,15320300.0
2005.0,Oceania,All,18.877340654714285,97188571.42857143,0.499166667,4.572557142857143,4616654.285714285
2006.0,Africa,Central,11.014298813555556,35343333.333333336,0.6974999996666668,1.5621777777777779,
2006.0,Africa,Eastern,8.8393091129375,26131250.0,0.593958333,0.36775,
2006.0,Africa,Northern,1.3273922401666667,119948333.33333333,0.815833333,3.0528666666666666,
2006.0,Africa,Southern,5.00503991,96240000.0,0.46083333299999996,2.9294599999999997,
2006.0,Africa,Western,9.5212896690625,27355000.0,0.815833333,0.3212875,
2006.0,America,Central,14.828927337666666,58792666.666666664,0.815833333,4.1513800000000005,
2006.0,America,Northern,4.6056012,3699590000.0,0.815833333,18.934849999999997,
2006.0,America,Southern,13.668736618333334,156219166.66666666,0.6087499996666667,2.5221916666666666,
2006.0,Asia,Central,2.0777790694,115562000.0,0.8158333330000002,6.08164,
2006.0,Asia,Eastern,6.587520380833333,1662353333.3333333,0.815833333,8.994333333333332,
2006.0,Asia,Southeast,19.588000115555555,194346666.66666666,0.7763888885555557,3.0338555555555557,
2006.0,Asia,Southern,10.54570324125,403266250.0,0.815833333,1.3394374999999998,
2006.0,Asia,Western,2.2819330678333336,104603333.33333333,0.815833333,13.384408333333333,
2006.0,Europa,Central,6.8504702275,510925000.0,0.815833333,10.0289,
2006.0,Europa,Eastern,5.192707687909091,348010909.09090906,0.815833333,6.766272727272727,
2006.0,Europa,Northern,5.7768008018,106694000.0,0.8158333330000002,9.05393,
2006.0,Europa,Southern,7.779722788090909,119453636.36363636,0.815833333,6.161727272727273,
2006.0,Europa,Western,6.677700348,136722857.14285713,0.8158333329999999,9.524885714285714,
2006.0,Oceania,All,19.20788839642857,103950000.0,0.460833333,4.559371428571429,
2007.0,Africa,Central,11.616545693444444,36230000.0,0.725277778,1.345888888888889,
2007.0,Africa,Eastern,8.3308604654375,28638750.0,0.614687500125,0.3634,
2007.0,Africa,Northern,1.3421237418333334,124813333.33333333,0.851666667,3.01965,
2007.0,Africa,Southern,3.035270192,99732000.0,0.4725,2.98908,
2007.0,Africa,Western,8.9182473095625,27337500.0,0.851666667,0.32941875,
2007.0,America,Central,15.575416507133333,60980666.666666664,0.851666667,4.30726,
2007.0,America,Northern,4.545079329,3760905000.0,0.851666667,19.21565,
2007.0,America,Southern,13.7186033655,161432500.0,0.63048611125,2.549525,
2007.0,Asia,Central,1.8817494742,118964000.0,0.8516666670000002,6.4166799999999995,
2007.0,Asia,Eastern,6.492411681666667,1773820000.0,0.851666667,9.029966666666667,
2007.0,Asia,Southeast,19.828476746666666,201696666.66666666,0.8095370373333334,4.100011111111112,
2007.0,Asia,Southern,11.4944043785,428620000.0,0.851666667,1.3655000000000002,
2007.0,Asia,Western,2.22420122675,110125000.0,0.851666667,12.325591666666668,
2007.0,Europa,Central,8.306528977,494745000.0,0.851666667,9.70375,
2007.0,Europa,Eastern,5.459913661818182,349789090.90909094,0.851666667,6.820354545454546,
2007.0,Europa,Northern,6.2343217918,104553000.0,0.8516666670000002,9.33272,
2007.0,Europa,Southern,7.387474602909091,120657272.72727273,0.851666667,6.1099,
2007.0,Europa,Western,7.197328971857142,134657142.85714287,0.851666667,9.016771428571428,
2007.0,Oceania,All,19.937636297285714,103837142.85714285,0.4725,4.574757142857143,
2008.0,Africa,Central,10.781453795555556,36737777.777777776,0.5891666666666667,1.4826666666666666,
2008.0,Africa,Eastern,8.260550792,29598125.0,0.5075000000000001,0.35591249999999997,
2008.0,Africa,Northern,1.1144757451666667,129131666.66666667,0.6825,3.1921,
2008.0,Africa,Southern,3.7012929062,108258000.0,0.4025,3.19344,
2008.0,Africa,Western,10.3687887511875,27792500.0,0.6825,0.31805,
2008.0,America,Central,15.627660969333332,62714000.0,0.6825,4.305273333333334,
2008.0,America,Northern,4.824693656,3660055000.0,0.6825,18.403399999999998,
2008.0,America,Southern,13.481122555916665,167241666.66666666,0.5191666666666667,2.6861083333333333,
2008.0,Asia,Central,1.6522659244,129278000.0,0.6825,6.442660000000001,
2008.0,Asia,Eastern,5.696467961833334,1816806666.6666667,0.6825,9.0822,
2008.0,Asia,Southeast,21.14910297666667,204757777.7777778,0.6513888888888889,4.368766666666667,
2008.0,Asia,Southern,11.041434388125001,444783750.0,0.6825,1.415975,
2008.0,Asia,Western,1.70237758475,115195833.33333333,0.6825,12.01255,
2008.0,Europa,Central,7.249338436,496785000.0,0.6825,9.682649999999999,
2008.0,Europa,Eastern,5.19042802,349803636.3636364,0.6825,6.73359090909091,
2008.0,Europa,Northern,6.420015250099999,100633000.0,0.6825,8.883230000000001,
2008.0,Europa,Southern,7.798456123363636,115926363.63636364,0.6825,6.062045454545455,
2008.0,Europa,Western,6.764728648714287,135171428.57142857,0.6825,9.000285714285713,
2008.0,Oceania,All,18.74841404957143,99881428.57142857,0.4025,4.4979,
2009.0,Africa,Central,11.485802438222223,36437777.777777776,0.6816666663333333,1.4276555555555557,
2009.0,Africa,Eastern,8.1093665493125,29918750.0,0.643020833,0.3439875,
2009.0,Africa,Northern,1.2804819673333334,132351666.66666667,0.7258333330000001,3.2673000000000005,
2009.0,Africa,Southern,4.391941743399999,102502000.0,0.593333333,3.10536,
2009.0,Africa,Western,9.3780931681875,26908750.0,0.725833333,0.32165,
2009.0,America,Central,13.3662281324,61906666.666666664,0.725833333,4.095713333333333,
2009.0,America,Northern,4.721552332,3428725000.0,0.725833333,17.00195,
2009.0,America,Southern,12.386226760166666,165129166.66666666,0.6485416663333333,2.778941666666667,
2009.0,Asia,Central,2.2367713938000002,116094000.0,0.725833333,5.8737200000000005,
2009.0,Asia,Eastern,6.126537441166666,1905921666.6666667,0.7258333330000001,8.833216666666667,
2009.0,Asia,Southeast,19.468077816666668,207158888.8888889,0.7111111107777778,3.9985444444444442,
2009.0,Asia,Southern,9.8481372485,472378750.0,0.725833333,1.452625,
2009.0,Asia,Western,2.5234618513333333,120449166.66666667,0.7258333330000001,11.6547,
2009.0,Europa,Central,7.9247362915,463920000.0,0.725833333,8.9144,
2009.0,Europa,Eastern,5.596468907090909,325838181.8181818,0.725833333,6.138618181818182,
2009.0,Europa,Northern,6.3017606878,92729000.0,0.725833333,8.08704,
2009.0,Europa,Southern,9.131335955727273,106956363.63636364,0.725833333,5.488145454545454,
2009.0,Europa,Western,6.463464292285715,130642857.14285715,0.725833333,8.346528571428571,
2009.0,Oceania,All,19.468244182857145,101411428.57142857,0.593333333,4.364928571428572,
2010.0,Africa,Central,12.755741724888889,37880000.0,0.7816666670000001,1.4406333333333334,14076560.0
2010.0,Africa,Eastern,8.082638092,31430625.0,0.678854167,0.37393750000000003,20181688.125
2010.0,Africa,Northern,1.3034915273333334,134298333.33333334,0.8991666669999999,3.3739833333333333,34821448.333333336
2010.0,Africa,Southern,4.0639592826,106838000.0,0.546666667,2.9908200000000003,11556088.0
2010.0,Africa,Western,11.1153130521875,28987500.0,0.899166667,0.36636250000000004,19016083.125
2010.0,America,Central,16.451079593466666,62963333.333333336,0.899166667,4.390646666666667,13729978.666666666
2010.0,America,Northern,4.6692940929999995,3559895000.0,0.899166667,17.35435,172200270.0
2010.0,America,Southern,13.289830400583334,173606666.66666666,0.693541667,2.848891666666667,31497116.666666668
2010.0,Asia,Central,2.2439738428,121436000.0,0.899166667,6.3571,12145186.0
2010.0,Asia,Eastern,7.287421241333334,2056981666.6666667,0.8991666669999999,8.739966666666666,258444761.66666666
2010.0,Asia,Southeast,19.514775134444445,213297777.7777778,0.8600000003333333,4.169411111111111,65244945.55555555
2010.0,Asia,Southern,10.875059503,487628750.0,0.899166667,1.502375,212978808.75
2010.0,Asia,Western,2.047160530083333,127030000.0,0.8991666669999999,11.516183333333332,16879164.166666668
2010.0,Europa,Central,7.5607190425,481970000.0,0.899166667,9.4323,45348050.0
2010.0,Europa,Eastern,6.638911530272727,340258181.8181818,0.899166667,6.353463636363636,27193011.818181816
2010.0,Europa,Northern,5.7891970392,96172000.0,0.899166667,8.71609,9891990.0
2010.0,Europa,Southern,10.556943912727272,105306363.63636364,0.899166667,5.496345454545454,14055279.090909092
2010.0,Europa,Western,6.716606954285715,134611428.57142857,0.899166667,8.6158,15794871.42857143
2010.0,Oceania,All,19.438238044857144,96930000.0,0.546666667,4.354114285714286,5045185.714285715
2011.0,Africa,Central,11.597262113444446,38660000.0,0.6505555556666667,1.6385333333333334,
2011.0,Africa,Eastern,9.09341539975,32268125.0,0.57083333325,0.38221875,
2011.0,Africa,Northern,1.3345919785,131930000.0,0.741666667,2.7586833333333334,
2011.0,Africa,Southern,4.1108425834,105970000.0,0.468333333,2.9025399999999997,
2011.0,Africa,Western,9.509318602312499,30315000.0,0.741666667,0.38613125,
2011.0,America,Central,15.416283960733333,64286666.666666664,0.741666667,4.270806666666667,
2011.0,America,Northern,4.7269400995,3451445000.0,0.741666667,17.134999999999998,
2011.0,America,Southern,13.620102189083333,175384166.66666666,0.5822222221666666,2.80995,
2011.0,Asia,Central,2.2223423326,129056000.0,0.741666667,6.434900000000001,
2011.0,Asia,Eastern,6.908538486166666,2221401666.6666665,0.741666667,9.431099999999999,
2011.0,Asia,Southeast,20.858887563333333,217281111.1111111,0.7112962965555556,4.590988888888889,
2011.0,Asia,Southern,10.472705264750001,505256250.0,0.741666667,1.5851125000000001,
2011.0,Asia,Western,2.36030351925,131830833.33333333,0.741666667,11.300283333333333,
2011.0,Europa,Central,6.46863909,466700000.0,0.741666667,9.1397,
2011.0,Europa,Eastern,4.523201041909091,350537272.72727275,0.7416666670000001,6.491736363636363,
2011.0,Europa,Northern,6.4258112403,89294000.0,0.741666667,8.18581,
2011.0,Europa,Southern,6.299475708363636,104773636.36363636,0.7416666670000001,5.5895636363636365,
2011.0,Europa,Western,6.074210679571428,126782857.14285715,0.741666667,8.1844,
2011.0,Oceania,All,19.981098514714287,112322857.14285715,0.468333333,4.2678,
2012.0,Africa,Central,11.484050381222223,38280000.0,0.702777778,1.4691222222222224,
2012.0,Africa,Eastern,8.630893928625,33760625.0,0.6053125001249999,0.3785625,
2012.0,Africa,Northern,1.2387442633333334,136766666.66666666,0.814166667,3.1335333333333337,
2012.0,Africa,Southern,3.4892351496,107536000.0,0.48,3.00852,
2012.0,Africa,Western,9.887329601,30938125.0,0.814166667,0.374625,
2012.0,America,Central,14.611069770666667,64204666.666666664,0.814166667,4.17396,
2012.0,America,Northern,4.440777906,3329720000.0,0.814166667,16.70315,
2012.0,America,Southern,12.924193867666666,181766666.66666666,0.61923611125,3.036925,
2012.0,Asia,Central,1.9131129994000002,131904000.0,0.814166667,6.60604,
2012.0,Asia,Eastern,7.198090687333333,2287173333.3333335,0.814166667,11.079516666666668,
2012.0,Asia,Southeast,19.126095961111112,224081111.1111111,0.7770370373333333,4.539877777777778,
2012.0,Asia,Southern,10.968266392875,525801250.0,0.814166667,1.638725,
2012.0,Asia,Western,2.73951648925,138534166.66666666,0.814166667,11.966533333333333,
2012.0,Europa,Central,7.4434542225,472235000.0,0.814166667,8.978200000000001,
2012.0,Europa,Eastern,5.0927671705454545,343876363.6363636,0.814166667,6.3197909090909095,
2012.0,Europa,Northern,6.8621899118,89953000.0,0.814166667,7.8745,
2012.0,Europa,Southern,7.776892894909091,101229090.9090909,0.814166667,5.306918181818182,
2012.0,Europa,Western,6.984855369142857,127251428.57142857,0.814166667,8.047557142857142,
2012.0,Oceania,All,20.704263198714283,112547142.85714285,0.48,4.255428571428571,
2013.0,Africa,Central,12.153548577666665,39362222.222222224,0.7169444443333334,1.4474555555555557,
2013.0,Africa,Eastern,8.8588418024375,34869375.0,0.64354166675,0.4153625,
2013.0,Africa,Northern,1.1267819353333335,135795000.0,0.800833333,3.1998666666666664,
2013.0,Africa,Southern,3.3206264732,107970000.0,0.549166667,3.0035999999999996,
2013.0,Africa,Western,9.1299757823125,33179375.0,0.800833333,0.3686625,
2013.0,America,Central,14.250271588533334,64134666.666666664,0.800833333,4.342973333333333,
2013.0,America,Northern,4.631939019,3404685000.0,0.800833333,16.87775,
2013.0,America,Southern,13.217282119000002,184894166.66666666,0.6540277778333333,2.944625,
2013.0,Asia,Central,2.1447201798,133594000.0,0.8008333330000001,6.60248,
2013.0,Asia,Eastern,6.8099422904999996,2369418333.3333335,0.800833333,11.558466666666666,
2013.0,Asia,Southeast,19.709675254444445,230810000.0,0.7728703701111111,4.044066666666667,
2013.0,Asia,Southern,10.748708354625,538345000.0,0.800833333,1.6427375,
2013.0,Asia,Western,2.1549918283333334,140308333.33333334,0.800833333,10.761674999999999,
2013.0,Europa,Central,7.5316456115,481445000.0,0.800833333,9.0794,
2013.0,Europa,Eastern,5.412722266636364,337439090.90909094,0.800833333,6.081918181818182,
2013.0,Europa,Northern,5.8889292975,88155000.0,0.8008333330000001,7.94221,
2013.0,Europa,Southern,8.858794858909091,95047272.72727273,0.800833333,5.036727272727273,
2013.0,Europa,Western,6.671726224428572,127491428.57142857,0.800833333,7.821257142857142,
2013.0,Oceania,All,20.064957672285715,99451428.57142857,0.549166667,4.174557142857143,
2014.0,Africa,Central,12.925050699333333,39520000.0,0.8027777779999999,1.4122,
2014.0,Africa,Eastern,8.2298760751875,36019375.0,0.700937500125,0.41981875,
2014.0,Africa,Northern,1.268566957,137545000.0,0.9191666670000002,3.3351833333333336,
2014.0,Africa,Southern,3.5699788686,110662000.0,0.57,3.15154,
2014.0,Africa,Western,9.4917550481875,34161250.0,0.919166667,0.38763125,
2014.0,America,Central,14.312811176999999,63962666.666666664,0.919166667,4.2624466666666665,
2014.0,America,Northern,4.7256987595,3416475000.0,0.919166667,16.80085,
2014.0,America,Southern,13.121964569583334,189099166.66666666,0.7154861112500001,2.9928500000000002,
2014.0,Asia,Central,2.0641250174,132074000.0,0.919166667,6.845940000000001,
2014.0,Asia,Eastern,5.993554571333334,2365835000.0,0.9191666670000002,10.529283333333334,
2014.0,Asia,Southeast,17.618912988888887,240413333.33333334,0.8803703706666668,4.412711111111111,
2014.0,Asia,Southern,10.291421220875,565258750.0,0.919166667,1.73425,
2014.0,Asia,Western,2.010098580083333,146778333.33333334,0.9191666670000002,11.242075,
2014.0,Europa,Central,7.591200499999999,459470000.0,0.919166667,8.5853,
2014.0,Europa,Eastern,5.626437474,331018181.8181818,0.919166667,5.971654545454545,
2014.0,Europa,Northern,6.4792860405,83101000.0,0.919166667,7.598319999999999,
2014.0,Europa,Southern,9.942548884636365,91700909.0909091,0.919166667,4.771663636363637,
2014.0,Europa,Western,6.573434074,120281428.57142857,0.919166667,7.360957142857143,
2014.0,Oceania,All,18.51673608557143,101485714.28571428,0.57,4.190142857142857,
